"","TCGA_barcode","TCGA_submitterID","Match_id"
"1","TCGA-CV-A45W-01A-11R-A24Z-07","TCGA-CV-A45W",NA
"2","TCGA-CR-7388-01A-11R-2016-07","TCGA-CR-7388",NA
"3","TCGA-CR-7379-01A-11R-2016-07","TCGA-CR-7379",NA
"4","TCGA-CR-7393-01A-11R-2016-07","TCGA-CR-7393",NA
"5","TCGA-P3-A6T2-01A-11R-A34R-07","TCGA-P3-A6T2",NA
"6","TCGA-CN-4737-01A-01R-1436-07","TCGA-CN-4737",NA
"7","TCGA-CV-6960-01A-41R-2016-07","TCGA-CV-6960",NA
"8","TCGA-T3-A92N-01A-11R-A39I-07","TCGA-T3-A92N",NA
"9","TCGA-CV-A6JZ-01A-11R-A31N-07","TCGA-CV-A6JZ",NA
"10","TCGA-CV-7423-01A-11R-2081-07","TCGA-CV-7423",NA
"11","TCGA-CQ-6219-01A-11R-1915-07","TCGA-CQ-6219",NA
"12","TCGA-CV-7430-01A-11R-2132-07","TCGA-CV-7430",NA
"13","TCGA-CV-A45X-01A-21R-A24Z-07","TCGA-CV-A45X",NA
"14","TCGA-CV-6940-01A-11R-1915-07","TCGA-CV-6940",NA
"15","TCGA-CN-5361-01A-01R-1436-07","TCGA-CN-5361",NA
"16","TCGA-CV-5434-01A-01R-1686-07","TCGA-CV-5434",NA
"17","TCGA-BB-8601-01A-11R-2403-07","TCGA-BB-8601",NA
"18","TCGA-CV-A6JD-01A-11R-A31N-07","TCGA-CV-A6JD",NA
"19","TCGA-F7-A50I-01A-11R-A28V-07","TCGA-F7-A50I",NA
"20","TCGA-CN-6989-01A-11R-1915-07","TCGA-CN-6989",NA
"21","TCGA-BA-A6DA-01A-31R-A31N-07","TCGA-BA-A6DA",NA
"22","TCGA-BB-A5HZ-01A-21R-A28V-07","TCGA-BB-A5HZ",NA
"23","TCGA-CQ-A4CE-01A-11R-A266-07","TCGA-CQ-A4CE",NA
"24","TCGA-BA-A6DL-01A-21R-A30B-07","TCGA-BA-A6DL",NA
"25","TCGA-CV-A45V-01A-21R-A24Z-07","TCGA-CV-A45V",NA
"26","TCGA-CV-7568-01A-11R-2232-07","TCGA-CV-7568",NA
"27","TCGA-UF-A7JC-01A-21R-A34R-07","TCGA-UF-A7JC",NA
"28","TCGA-4P-AA8J-01A-11R-A39I-07","TCGA-4P-AA8J",NA
"29","TCGA-QK-A6IJ-01A-11R-A31N-07","TCGA-QK-A6IJ",NA
"30","TCGA-F7-A624-01A-22R-A30B-07","TCGA-F7-A624",NA
"31","TCGA-HD-A633-01A-11R-A28V-07","TCGA-HD-A633",NA
"32","TCGA-CV-7440-01A-11R-2132-07","TCGA-CV-7440",NA
"33","TCGA-CV-A6K1-01A-11R-A31N-07","TCGA-CV-A6K1",NA
"34","TCGA-BA-6873-01A-11R-1873-07","TCGA-BA-6873",NA
"35","TCGA-CV-7410-01A-21R-2081-07","TCGA-CV-7410",NA
"36","TCGA-CV-6934-01A-11R-1915-07","TCGA-CV-6934",NA
"37","TCGA-CV-5971-01A-11R-1686-07","TCGA-CV-5971",NA
"38","TCGA-CR-7399-01A-11R-2016-07","TCGA-CR-7399",NA
"39","TCGA-BA-6872-01A-11R-1873-07","TCGA-BA-6872",NA
"40","TCGA-CV-5444-01A-02R-1514-07","TCGA-CV-5444",NA
"41","TCGA-UF-A7JS-01A-11R-A34R-07","TCGA-UF-A7JS",NA
"42","TCGA-UF-A718-01A-22R-A34R-07","TCGA-UF-A718",NA
"43","TCGA-CR-7394-01A-11R-2016-07","TCGA-CR-7394",NA
"44","TCGA-CV-7421-01A-11R-2081-07","TCGA-CV-7421",NA
"45","TCGA-CV-6003-01A-11R-1686-07","TCGA-CV-6003",NA
"46","TCGA-CR-6473-01A-11R-1873-07","TCGA-CR-6473",NA
"47","TCGA-UF-A719-01A-12R-A34R-07","TCGA-UF-A719",NA
"48","TCGA-P3-A5QE-01A-11R-A28V-07","TCGA-P3-A5QE",NA
"49","TCGA-CN-6022-01A-21R-1686-07","TCGA-CN-6022",NA
"50","TCGA-HD-8634-01A-11R-2403-07","TCGA-HD-8634",NA
"51","TCGA-CN-4725-01A-01R-1436-07","TCGA-CN-4725",NA
"52","TCGA-CV-7178-01A-21R-2016-07","TCGA-CV-7178",NA
"53","TCGA-CV-A45O-01A-21R-A24H-07","TCGA-CV-A45O",NA
"54","TCGA-CV-7428-01A-11R-2132-07","TCGA-CV-7428",NA
"55","TCGA-H7-8501-01A-11R-2403-07","TCGA-H7-8501",NA
"56","TCGA-HD-A6HZ-01A-12R-A31N-07","TCGA-HD-A6HZ",NA
"57","TCGA-C9-A47Z-01A-11R-A24H-07","TCGA-C9-A47Z",NA
"58","TCGA-CV-A6K2-01A-11R-A31N-07","TCGA-CV-A6K2",NA
"59","TCGA-CN-A642-01A-12R-A30B-07","TCGA-CN-A642",NA
"60","TCGA-CV-A463-01A-11R-A266-07","TCGA-CV-A463",NA
"61","TCGA-CQ-A4CB-01A-11R-A24Z-07","TCGA-CQ-A4CB",NA
"62","TCGA-CN-4739-01A-02R-1514-07","TCGA-CN-4739",NA
"63","TCGA-D6-8569-01A-11R-2403-07","TCGA-D6-8569",NA
"64","TCGA-T2-A6X2-01A-12R-A34R-07","TCGA-T2-A6X2",NA
"65","TCGA-CV-A464-01A-11R-A266-07","TCGA-CV-A464",NA
"66","TCGA-CV-5977-01A-11R-1686-07","TCGA-CV-5977",NA
"67","TCGA-CV-6441-01A-11R-1686-07","TCGA-CV-6441",NA
"68","TCGA-HD-7832-01A-11R-2132-07","TCGA-HD-7832",NA
"69","TCGA-F7-7848-01A-11R-2132-07","TCGA-F7-7848",NA
"70","TCGA-CR-7404-01A-11R-2132-07","TCGA-CR-7404",NA
"71","TCGA-CV-7238-01A-11R-2016-07","TCGA-CV-7238",NA
"72","TCGA-IQ-A61I-01A-11R-A30B-07","TCGA-IQ-A61I",NA
"73","TCGA-IQ-7630-01A-11R-2081-07","TCGA-IQ-7630",NA
"74","TCGA-CV-6433-01A-11R-1686-07","TCGA-CV-6433",NA
"75","TCGA-TN-A7HJ-01A-12R-A34R-07","TCGA-TN-A7HJ",NA
"76","TCGA-CV-A6JY-01A-11R-A31N-07","TCGA-CV-A6JY",NA
"77","TCGA-CV-6936-01A-11R-1915-07","TCGA-CV-6936",NA
"78","TCGA-CR-7368-01A-11R-2132-07","TCGA-CR-7368",NA
"79","TCGA-CQ-7071-01A-12R-A30B-07","TCGA-CQ-7071",NA
"80","TCGA-BA-4078-01A-01R-1436-07","TCGA-BA-4078",NA
"81","TCGA-CV-7180-01A-11R-2016-07","TCGA-CV-7180",NA
"82","TCGA-CN-6994-01A-11R-1915-07","TCGA-CN-6994",NA
"83","TCGA-CV-A6K0-01B-21R-A31N-07","TCGA-CV-A6K0",NA
"84","TCGA-CR-6488-01A-12R-2081-07","TCGA-CR-6488",NA
"85","TCGA-CN-6997-01A-11R-2016-07","TCGA-CN-6997",NA
"86","TCGA-CN-6020-01A-11R-1686-07","TCGA-CN-6020",NA
"87","TCGA-CN-4729-01A-01R-1436-07","TCGA-CN-4729",NA
"88","TCGA-CN-4738-01A-02R-1514-07","TCGA-CN-4738",NA
"89","TCGA-CR-7374-01A-11R-2016-07","TCGA-CR-7374",NA
"90","TCGA-CV-7429-01A-11R-2132-07","TCGA-CV-7429",NA
"91","TCGA-CV-7183-01A-11R-2016-07","TCGA-CV-7183",NA
"92","TCGA-HD-7753-01A-11R-2081-07","TCGA-HD-7753",NA
"93","TCGA-BA-6870-01A-11R-1873-07","TCGA-BA-6870",NA
"94","TCGA-CN-A498-01A-11R-A24H-07","TCGA-CN-A498",NA
"95","TCGA-CR-7365-01A-11R-2016-07","TCGA-CR-7365",NA
"96","TCGA-CN-4728-01A-01R-1436-07","TCGA-CN-4728",NA
"97","TCGA-CV-7252-01A-11R-2016-07","TCGA-CV-7252",NA
"98","TCGA-CQ-6220-01A-11R-1915-07","TCGA-CQ-6220",NA
"99","TCGA-CN-4733-01A-02R-1873-07","TCGA-CN-4733",NA
"100","TCGA-CV-7255-01A-11R-2016-07","TCGA-CV-7255",NA
"101","TCGA-CN-6016-01A-11R-1686-07","TCGA-CN-6016",NA
"102","TCGA-BA-A4IF-01A-11R-A266-07","TCGA-BA-A4IF",NA
"103","TCGA-P3-A6SW-01A-11R-A34R-07","TCGA-P3-A6SW",NA
"104","TCGA-HD-7229-01A-11R-2016-07","TCGA-HD-7229",NA
"105","TCGA-CQ-7063-01A-11R-2403-07","TCGA-CQ-7063",NA
"106","TCGA-CV-A6JE-01A-11R-A31N-07","TCGA-CV-A6JE",NA
"107","TCGA-CQ-A4CA-01A-11R-A24Z-07","TCGA-CQ-A4CA",NA
"108","TCGA-CV-6950-01A-11R-1915-07","TCGA-CV-6950",NA
"109","TCGA-CQ-6223-01A-11R-1915-07","TCGA-CQ-6223",NA
"110","TCGA-CV-7406-01A-11R-2081-07","TCGA-CV-7406",NA
"111","TCGA-CV-7103-01A-21R-2016-07","TCGA-CV-7103",NA
"112","TCGA-CV-7432-01A-11R-2132-07","TCGA-CV-7432",NA
"113","TCGA-CV-5432-01A-02R-1686-07","TCGA-CV-5432",NA
"114","TCGA-UF-A7JT-01A-11R-A34R-07","TCGA-UF-A7JT",NA
"115","TCGA-HD-A6I0-01A-11R-A31N-07","TCGA-HD-A6I0",NA
"116","TCGA-UF-A7JF-01A-11R-A34R-07","TCGA-UF-A7JF",NA
"117","TCGA-CV-7435-01A-11R-2132-07","TCGA-CV-7435",NA
"118","TCGA-CV-A45T-01A-11R-A24H-07","TCGA-CV-A45T",NA
"119","TCGA-CV-7413-01A-11R-2081-07","TCGA-CV-7413",NA
"120","TCGA-CN-A49B-01A-31R-A24H-07","TCGA-CN-A49B",NA
"121","TCGA-MT-A7BN-01A-12R-A34R-07","TCGA-MT-A7BN",NA
"122","TCGA-QK-A6II-01A-11R-A31N-07","TCGA-QK-A6II",NA
"123","TCGA-D6-8568-01A-11R-2403-07","TCGA-D6-8568",NA
"124","TCGA-HD-7754-01A-11R-2081-07","TCGA-HD-7754",NA
"125","TCGA-D6-6827-01A-11R-1915-07","TCGA-D6-6827",NA
"126","TCGA-HD-8224-01A-11R-2403-07","TCGA-HD-8224",NA
"127","TCGA-HD-A4C1-01A-11R-A24H-07","TCGA-HD-A4C1",NA
"128","TCGA-KU-A6H7-01A-11R-A31N-07","TCGA-KU-A6H7",NA
"129","TCGA-CN-4735-01A-01R-1436-07","TCGA-CN-4735",NA
"130","TCGA-CV-5976-01A-11R-1686-07","TCGA-CV-5976",NA
"131","TCGA-CV-5441-01A-01R-1514-07","TCGA-CV-5441",NA
"132","TCGA-CV-7446-01A-11R-2232-07","TCGA-CV-7446",NA
"133","TCGA-D6-A4Z9-01A-11R-A24Z-07","TCGA-D6-A4Z9",NA
"134","TCGA-CV-7437-01A-21R-2132-07","TCGA-CV-7437",NA
"135","TCGA-F7-A623-01A-11R-A28V-07","TCGA-F7-A623",NA
"136","TCGA-CR-7392-01A-11R-2016-07","TCGA-CR-7392",NA
"137","TCGA-QK-A8ZB-01A-11R-A39I-07","TCGA-QK-A8ZB",NA
"138","TCGA-CN-4727-01A-01R-1436-07","TCGA-CN-4727",NA
"139","TCGA-CV-5436-01A-01R-1514-07","TCGA-CV-5436",NA
"140","TCGA-CV-6945-01A-11R-1915-07","TCGA-CV-6945",NA
"141","TCGA-CQ-A4C7-01A-11R-A24Z-07","TCGA-CQ-A4C7",NA
"142","TCGA-BA-5559-01A-01R-1514-07","TCGA-BA-5559",NA
"143","TCGA-CV-7102-01A-11R-2016-07","TCGA-CV-7102",NA
"144","TCGA-CV-7104-01A-11R-2016-07","TCGA-CV-7104",NA
"145","TCGA-CN-6998-01A-23R-2016-07","TCGA-CN-6998",NA
"146","TCGA-MT-A51W-01A-21R-A266-07","TCGA-MT-A51W",NA
"147","TCGA-CN-A63V-01A-11R-A466-07","TCGA-CN-A63V",NA
"148","TCGA-CV-5443-01A-01R-1514-07","TCGA-CV-5443",NA
"149","TCGA-D6-6517-01A-11R-1873-07","TCGA-D6-6517",NA
"150","TCGA-CV-6933-01A-11R-1915-07","TCGA-CV-6933",NA
"151","TCGA-CN-4723-01A-01R-1436-07","TCGA-CN-4723",NA
"152","TCGA-QK-AA3J-01A-11R-A39I-07","TCGA-QK-AA3J",NA
"153","TCGA-CR-7380-01A-11R-2016-07","TCGA-CR-7380",NA
"154","TCGA-CV-7177-01A-11R-2016-07","TCGA-CV-7177",NA
"155","TCGA-UP-A6WW-01A-12R-A34R-07","TCGA-UP-A6WW",NA
"156","TCGA-QK-A6V9-01A-11R-A34R-07","TCGA-QK-A6V9",NA
"157","TCGA-CQ-5329-01A-01R-1686-07","TCGA-CQ-5329",NA
"158","TCGA-F7-A61S-01A-11R-A28V-07","TCGA-F7-A61S",NA
"159","TCGA-CQ-6227-01A-11R-1915-07","TCGA-CQ-6227",NA
"160","TCGA-CN-6011-01A-11R-1686-07","TCGA-CN-6011",NA
"161","TCGA-CV-5440-01A-01R-1514-07","TCGA-CV-5440",NA
"162","TCGA-KU-A66S-01A-21R-A30B-07","TCGA-KU-A66S",NA
"163","TCGA-T2-A6X0-01A-11R-A34R-07","TCGA-T2-A6X0",NA
"164","TCGA-D6-A6EN-01A-11R-A31N-07","TCGA-D6-A6EN",NA
"165","TCGA-CR-6472-01A-11R-1873-07","TCGA-CR-6472",NA
"166","TCGA-UF-A7JD-01A-11R-A34R-07","TCGA-UF-A7JD",NA
"167","TCGA-QK-A6VB-01A-12R-A34R-07","TCGA-QK-A6VB",NA
"168","TCGA-CQ-5330-01A-01R-1686-07","TCGA-CQ-5330",NA
"169","TCGA-CR-7390-01A-11R-2016-07","TCGA-CR-7390",NA
"170","TCGA-CV-6941-01A-11R-1915-07","TCGA-CV-6941",NA
"171","TCGA-CV-7101-01A-11R-2016-07","TCGA-CV-7101",NA
"172","TCGA-CV-5973-01A-11R-1686-07","TCGA-CV-5973",NA
"173","TCGA-CQ-A4CH-01A-11R-A266-07","TCGA-CQ-A4CH",NA
"174","TCGA-CQ-6228-01A-11R-1915-07","TCGA-CQ-6228",NA
"175","TCGA-MZ-A5BI-01A-31R-A34R-07","TCGA-MZ-A5BI",NA
"176","TCGA-F7-A620-01A-11R-A28V-07","TCGA-F7-A620",NA
"177","TCGA-BA-A6DB-01A-11R-A30B-07","TCGA-BA-A6DB",NA
"178","TCGA-CN-4730-01A-01R-1436-07","TCGA-CN-4730",NA
"179","TCGA-CR-7386-01A-11R-2016-07","TCGA-CR-7386",NA
"180","TCGA-P3-A5QA-01A-11R-A28V-07","TCGA-P3-A5QA",NA
"181","TCGA-CV-6937-01A-11R-2016-07","TCGA-CV-6937",NA
"182","TCGA-CN-6988-01A-11R-1915-07","TCGA-CN-6988",NA
"183","TCGA-QK-A652-01A-11R-A30B-07","TCGA-QK-A652",NA
"184","TCGA-CN-6012-01A-11R-1686-07","TCGA-CN-6012",NA
"185","TCGA-CV-6942-01A-21R-2016-07","TCGA-CV-6942",NA
"186","TCGA-CR-6467-01A-11R-1873-07","TCGA-CR-6467",NA
"187","TCGA-CV-7242-01A-11R-2016-07","TCGA-CV-7242",NA
"188","TCGA-CR-6470-01A-11R-1873-07","TCGA-CR-6470",NA
"189","TCGA-D6-A6ES-01A-12R-A31N-07","TCGA-D6-A6ES",NA
"190","TCGA-H7-7774-01A-21R-2081-07","TCGA-H7-7774",NA
"191","TCGA-BB-4217-01A-11R-2081-07","TCGA-BB-4217",NA
"192","TCGA-CN-A49A-01A-11R-A24H-07","TCGA-CN-A49A",NA
"193","TCGA-CV-7407-01A-11R-2081-07","TCGA-CV-7407",NA
"194","TCGA-CV-A6JO-01B-11R-A34R-07","TCGA-CV-A6JO",NA
"195","TCGA-CX-7085-01A-21R-2016-07","TCGA-CX-7085",NA
"196","TCGA-F7-A61W-01A-11R-A28V-07","TCGA-F7-A61W",NA
"197","TCGA-CN-A6V3-01A-12R-A34R-07","TCGA-CN-A6V3",NA
"198","TCGA-IQ-7631-01A-11R-2081-07","TCGA-IQ-7631",NA
"199","TCGA-T2-A6WX-01A-12R-A34R-07","TCGA-T2-A6WX",NA
"200","TCGA-CN-5369-01A-01R-1436-07","TCGA-CN-5369",NA
"201","TCGA-UF-A71E-01A-31R-A34R-07","TCGA-UF-A71E",NA
"202","TCGA-CV-7424-01A-11R-2081-07","TCGA-CV-7424",NA
"203","TCGA-CV-6943-01A-11R-1915-07","TCGA-CV-6943",NA
"204","TCGA-D6-6515-01A-21R-1873-07","TCGA-D6-6515",NA
"205","TCGA-D6-6825-01A-21R-1915-07","TCGA-D6-6825",NA
"206","TCGA-CN-6021-01A-11R-1686-07","TCGA-CN-6021",NA
"207","TCGA-DQ-7588-01A-11R-2081-07","TCGA-DQ-7588",NA
"208","TCGA-F7-A50G-01A-11R-A266-07","TCGA-F7-A50G",NA
"209","TCGA-BA-A6DI-01A-11R-A30B-07","TCGA-BA-A6DI",NA
"210","TCGA-CR-5250-01A-01R-1514-07","TCGA-CR-5250",NA
"211","TCGA-BA-4077-01B-01R-1436-07","TCGA-BA-4077",NA
"212","TCGA-CV-A45Q-01A-11R-A24H-07","TCGA-CV-A45Q",NA
"213","TCGA-KU-A6H8-01A-21R-A34R-07","TCGA-KU-A6H8",NA
"214","TCGA-RS-A6TP-01A-12R-A34R-07","TCGA-RS-A6TP",NA
"215","TCGA-CV-5978-01A-11R-1686-07","TCGA-CV-5978",NA
"216","TCGA-CQ-A4CG-01A-11R-A266-07","TCGA-CQ-A4CG",NA
"217","TCGA-BA-4076-01A-01R-1436-07","TCGA-BA-4076",NA
"218","TCGA-MT-A67D-01A-31R-A30B-07","TCGA-MT-A67D",NA
"219","TCGA-D6-A6EQ-01A-11R-A31N-07","TCGA-D6-A6EQ",NA
"220","TCGA-CV-A6JT-01A-11R-A31N-07","TCGA-CV-A6JT",NA
"221","TCGA-CV-6948-01A-11R-1915-07","TCGA-CV-6948",NA
"222","TCGA-UF-A7JA-01A-12R-A34R-07","TCGA-UF-A7JA",NA
"223","TCGA-P3-A6SX-01A-11R-A34R-07","TCGA-P3-A6SX",NA
"224","TCGA-BB-4224-01A-01R-1436-07","TCGA-BB-4224",NA
"225","TCGA-CV-A45Z-01A-21R-A24Z-07","TCGA-CV-A45Z",NA
"226","TCGA-CV-7438-01A-21R-2132-07","TCGA-CV-7438",NA
"227","TCGA-CQ-5332-01A-01R-1686-07","TCGA-CQ-5332",NA
"228","TCGA-BA-A4IG-01A-11R-A266-07","TCGA-BA-A4IG",NA
"229","TCGA-UF-A7JV-01A-11R-A34R-07","TCGA-UF-A7JV",NA
"230","TCGA-CN-6018-01A-11R-1686-07","TCGA-CN-6018",NA
"231","TCGA-DQ-5625-01A-01R-1873-07","TCGA-DQ-5625",NA
"232","TCGA-CN-A499-01A-11R-A24H-07","TCGA-CN-A499",NA
"233","TCGA-CV-6939-01A-11R-1915-07","TCGA-CV-6939",NA
"234","TCGA-CV-5970-01A-11R-1686-07","TCGA-CV-5970",NA
"235","TCGA-CR-6477-01A-11R-1873-07","TCGA-CR-6477",NA
"236","TCGA-H7-8502-01A-11R-2403-07","TCGA-H7-8502",NA
"237","TCGA-H7-A6C4-01A-11R-A30B-07","TCGA-H7-A6C4",NA
"238","TCGA-DQ-7591-01A-11R-2081-07","TCGA-DQ-7591",NA
"239","TCGA-CN-5363-01A-01R-1436-07","TCGA-CN-5363",NA
"240","TCGA-CV-6955-01A-11R-2016-07","TCGA-CV-6955",NA
"241","TCGA-UF-A7J9-01A-12R-A34R-07","TCGA-UF-A7J9",NA
"242","TCGA-CR-6480-01A-11R-1873-07","TCGA-CR-6480",NA
"243","TCGA-CN-5358-01A-01R-1514-07","TCGA-CN-5358",NA
"244","TCGA-CQ-6218-01A-11R-1915-07","TCGA-CQ-6218",NA
"245","TCGA-D6-6826-01A-11R-1915-07","TCGA-D6-6826",NA
"246","TCGA-F7-8489-01A-31R-2403-07","TCGA-F7-8489",NA
"247","TCGA-P3-A6T5-01A-11R-A34R-07","TCGA-P3-A6T5",NA
"248","TCGA-BA-A6DE-01A-22R-A31N-07","TCGA-BA-A6DE",NA
"249","TCGA-CR-6474-01A-11R-1873-07","TCGA-CR-6474",NA
"250","TCGA-BA-5151-01A-01R-1436-07","TCGA-BA-5151",NA
"251","TCGA-UF-A71B-01A-12R-A34R-07","TCGA-UF-A71B",NA
"252","TCGA-CQ-A4CD-01A-21R-A24Z-07","TCGA-CQ-A4CD",NA
"253","TCGA-H7-A76A-01A-51R-A34R-07","TCGA-H7-A76A",NA
"254","TCGA-CV-7414-01A-11R-2081-07","TCGA-CV-7414",NA
"255","TCGA-HD-8314-01A-11R-2403-07","TCGA-HD-8314",NA
"256","TCGA-CV-7247-01A-11R-2016-07","TCGA-CV-7247",NA
"257","TCGA-CV-6953-01A-11R-1915-07","TCGA-CV-6953",NA
"258","TCGA-IQ-7632-01A-11R-2081-07","TCGA-IQ-7632",NA
"259","TCGA-CN-A6V7-01A-12R-A34R-07","TCGA-CN-A6V7",NA
"260","TCGA-IQ-A61G-01A-11R-A30B-07","TCGA-IQ-A61G",NA
"261","TCGA-F7-A622-01A-11R-A28V-07","TCGA-F7-A622",NA
"262","TCGA-CV-6961-01A-21R-1915-07","TCGA-CV-6961",NA
"263","TCGA-CQ-5331-01A-02R-1873-07","TCGA-CQ-5331",NA
"264","TCGA-D6-6823-01A-11R-1915-07","TCGA-D6-6823",NA
"265","TCGA-IQ-A61J-01A-11R-A30B-07","TCGA-IQ-A61J",NA
"266","TCGA-CV-7261-01A-11R-2016-07","TCGA-CV-7261",NA
"267","TCGA-CV-7097-01A-11R-2016-07","TCGA-CV-7097",NA
"268","TCGA-P3-A6T4-01A-11R-A34R-07","TCGA-P3-A6T4",NA
"269","TCGA-CV-5435-01A-01R-1686-07","TCGA-CV-5435",NA
"270","TCGA-CN-5360-01A-01R-1436-07","TCGA-CN-5360",NA
"271","TCGA-CQ-5325-01A-01R-1686-07","TCGA-CQ-5325",NA
"272","TCGA-BB-A5HY-01A-11R-A28V-07","TCGA-BB-A5HY",NA
"273","TCGA-CN-A6V6-01A-12R-A34R-07","TCGA-CN-A6V6",NA
"274","TCGA-BA-A6D8-01A-31R-A31N-07","TCGA-BA-A6D8",NA
"275","TCGA-CV-7236-01A-11R-2016-07","TCGA-CV-7236",NA
"276","TCGA-CN-4742-01A-02R-1514-07","TCGA-CN-4742",NA
"277","TCGA-CV-7425-01A-11R-2081-07","TCGA-CV-7425",NA
"278","TCGA-CR-7395-01A-11R-2016-07","TCGA-CR-7395",NA
"279","TCGA-DQ-5624-01A-01R-1873-07","TCGA-DQ-5624",NA
"280","TCGA-UF-A7JO-01A-11R-A34R-07","TCGA-UF-A7JO",NA
"281","TCGA-BB-4228-01A-01R-1436-07","TCGA-BB-4228",NA
"282","TCGA-CV-7089-01A-11R-2016-07","TCGA-CV-7089",NA
"283","TCGA-CQ-6225-01A-11R-1915-07","TCGA-CQ-6225",NA
"284","TCGA-P3-A6T8-01A-11R-A34R-07","TCGA-P3-A6T8",NA
"285","TCGA-HD-7831-01A-11R-2132-07","TCGA-HD-7831",NA
"286","TCGA-CN-A63W-01A-11R-A30B-07","TCGA-CN-A63W",NA
"287","TCGA-CV-5431-01A-01R-1514-07","TCGA-CV-5431",NA
"288","TCGA-BA-5555-01A-01R-1514-07","TCGA-BA-5555",NA
"289","TCGA-CR-6491-01A-11R-1873-07","TCGA-CR-6491",NA
"290","TCGA-CX-7086-01A-11R-2081-07","TCGA-CX-7086",NA
"291","TCGA-F7-8298-01A-11R-2403-07","TCGA-F7-8298",NA
"292","TCGA-BA-5152-01A-02R-1873-07","TCGA-BA-5152",NA
"293","TCGA-CR-7364-01A-11R-2016-07","TCGA-CR-7364",NA
"294","TCGA-IQ-A6SG-01A-12R-A34R-07","TCGA-IQ-A6SG",NA
"295","TCGA-CV-6951-01A-11R-1915-07","TCGA-CV-6951",NA
"296","TCGA-CV-A468-01A-11R-A266-07","TCGA-CV-A468",NA
"297","TCGA-CN-6996-01A-11R-1915-07","TCGA-CN-6996",NA
"298","TCGA-CV-7100-01A-11R-2016-07","TCGA-CV-7100",NA
"299","TCGA-CN-4740-01A-01R-1436-07","TCGA-CN-4740",NA
"300","TCGA-CN-A63T-01A-11R-A28V-07","TCGA-CN-A63T",NA
"301","TCGA-CQ-5326-01A-01R-1873-07","TCGA-CQ-5326",NA
"302","TCGA-CQ-A4C6-01A-11R-A24Z-07","TCGA-CQ-A4C6",NA
"303","TCGA-CN-6992-01A-11R-1915-07","TCGA-CN-6992",NA
"304","TCGA-CR-6481-01A-11R-1873-07","TCGA-CR-6481",NA
"305","TCGA-T3-A92M-01A-31R-A39I-07","TCGA-T3-A92M",NA
"306","TCGA-T2-A6WZ-01A-21R-A34R-07","TCGA-T2-A6WZ",NA
"307","TCGA-P3-A6T7-01A-11R-A34R-07","TCGA-P3-A6T7",NA
"308","TCGA-CN-5356-01A-01R-1436-07","TCGA-CN-5356",NA
"309","TCGA-CV-7253-01A-11R-2016-07","TCGA-CV-7253",NA
"310","TCGA-P3-A5Q6-01A-11R-A28V-07","TCGA-P3-A5Q6",NA
"311","TCGA-CN-A6UY-01A-12R-A34R-07","TCGA-CN-A6UY",NA
"312","TCGA-CR-7370-01A-11R-2132-07","TCGA-CR-7370",NA
"313","TCGA-TN-A7HI-01A-11R-A34R-07","TCGA-TN-A7HI",NA
"314","TCGA-CQ-A4C9-01A-11R-A24Z-07","TCGA-CQ-A4C9",NA
"315","TCGA-UF-A71D-01A-12R-A34R-07","TCGA-UF-A71D",NA
"316","TCGA-IQ-A61H-01A-11R-A30B-07","TCGA-IQ-A61H",NA
"317","TCGA-CR-5248-01A-01R-2016-07","TCGA-CR-5248",NA
"318","TCGA-BB-4227-01A-01R-1873-07","TCGA-BB-4227",NA
"319","TCGA-CN-5355-01A-01R-1436-07","TCGA-CN-5355",NA
"320","TCGA-MZ-A7D7-01A-21R-A34R-07","TCGA-MZ-A7D7",NA
"321","TCGA-CV-7091-01A-11R-2016-07","TCGA-CV-7091",NA
"322","TCGA-BA-5153-01A-01R-1436-07","TCGA-BA-5153",NA
"323","TCGA-MT-A67A-01A-11R-A30B-07","TCGA-MT-A67A",NA
"324","TCGA-BB-8596-01A-11R-2403-07","TCGA-BB-8596",NA
"325","TCGA-D6-A6EM-01A-21R-A31N-07","TCGA-D6-A6EM",NA
"326","TCGA-CN-4726-01A-01R-1436-07","TCGA-CN-4726",NA
"327","TCGA-CV-7099-01A-41R-2016-07","TCGA-CV-7099",NA
"328","TCGA-CN-5370-01A-01R-2016-07","TCGA-CN-5370",NA
"329","TCGA-CQ-7069-01A-11R-2403-07","TCGA-CQ-7069",NA
"330","TCGA-BA-A4IH-01A-11R-A266-07","TCGA-BA-A4IH",NA
"331","TCGA-CR-7402-01A-11R-2016-07","TCGA-CR-7402",NA
"332","TCGA-CN-5373-01A-01R-1436-07","TCGA-CN-5373",NA
"333","TCGA-CN-5374-01A-01R-1436-07","TCGA-CN-5374",NA
"334","TCGA-BA-A6DG-01A-21R-A30B-07","TCGA-BA-A6DG",NA
"335","TCGA-CN-5359-01A-01R-1436-07","TCGA-CN-5359",NA
"336","TCGA-CN-5365-01A-01R-1436-07","TCGA-CN-5365",NA
"337","TCGA-BA-5557-01A-01R-1514-07","TCGA-BA-5557",NA
"338","TCGA-CV-7416-01A-11R-2081-07","TCGA-CV-7416",NA
"339","TCGA-CV-7095-01A-21R-2016-07","TCGA-CV-7095",NA
"340","TCGA-BA-6868-01B-12R-1915-07","TCGA-BA-6868",NA
"341","TCGA-HL-7533-01A-11R-2232-07","TCGA-HL-7533",NA
"342","TCGA-CV-A45U-01A-12R-A24H-07","TCGA-CV-A45U",NA
"343","TCGA-HD-8635-01A-11R-2403-07","TCGA-HD-8635",NA
"344","TCGA-CR-7372-01A-11R-2016-07","TCGA-CR-7372",NA
"345","TCGA-CR-7373-01A-11R-2016-07","TCGA-CR-7373",NA
"346","TCGA-CV-A6JU-01A-11R-A31N-07","TCGA-CV-A6JU",NA
"347","TCGA-CQ-5334-01A-01R-1686-07","TCGA-CQ-5334",NA
"348","TCGA-CV-6952-01A-11R-1915-07","TCGA-CV-6952",NA
"349","TCGA-CN-A63U-01A-11R-A30B-07","TCGA-CN-A63U",NA
"350","TCGA-CR-7371-01A-11R-2016-07","TCGA-CR-7371",NA
"351","TCGA-CV-A460-01A-21R-A24Z-07","TCGA-CV-A460",NA
"352","TCGA-CR-7376-01A-11R-2132-07","TCGA-CR-7376",NA
"353","TCGA-CR-5249-01A-01R-1514-07","TCGA-CR-5249",NA
"354","TCGA-CV-7433-01A-11R-2132-07","TCGA-CV-7433",NA
"355","TCGA-CV-7235-01A-11R-2016-07","TCGA-CV-7235",NA
"356","TCGA-CR-7385-01A-11R-2016-07","TCGA-CR-7385",NA
"357","TCGA-CV-7418-01A-11R-2081-07","TCGA-CV-7418",NA
"358","TCGA-CN-A497-01A-11R-A24H-07","TCGA-CN-A497",NA
"359","TCGA-CV-7422-01A-21R-2081-07","TCGA-CV-7422",NA
"360","TCGA-CV-5439-01A-01R-1686-07","TCGA-CV-5439",NA
"361","TCGA-CR-6487-01A-11R-1873-07","TCGA-CR-6487",NA
"362","TCGA-BA-A4II-01A-11R-A266-07","TCGA-BA-A4II",NA
"363","TCGA-BA-A8YP-01A-11R-A39I-07","TCGA-BA-A8YP",NA
"364","TCGA-CV-A45Y-01A-11R-A24Z-07","TCGA-CV-A45Y",NA
"365","TCGA-CQ-7065-01A-11R-2081-07","TCGA-CQ-7065",NA
"366","TCGA-DQ-5629-01A-01R-1873-07","TCGA-DQ-5629",NA
"367","TCGA-CQ-A4CI-01A-11R-A266-07","TCGA-CQ-A4CI",NA
"368","TCGA-QK-A8ZA-01A-11R-A39I-07","TCGA-QK-A8ZA",NA
"369","TCGA-CV-6962-01A-11R-1915-07","TCGA-CV-6962",NA
"370","TCGA-DQ-5630-01A-01R-1873-07","TCGA-DQ-5630",NA
"371","TCGA-BB-4225-01A-01R-1436-07","TCGA-BB-4225",NA
"372","TCGA-CV-5979-01A-11R-1686-07","TCGA-CV-5979",NA
"373","TCGA-QK-A64Z-01A-11R-A30B-07","TCGA-QK-A64Z",NA
"374","TCGA-WA-A7GZ-01A-11R-A34R-07","TCGA-WA-A7GZ",NA
"375","TCGA-KU-A66T-01A-11R-A30B-07","TCGA-KU-A66T",NA
"376","TCGA-HD-A634-01A-11R-A28V-07","TCGA-HD-A634",NA
"377","TCGA-CV-6959-01A-11R-1915-07","TCGA-CV-6959",NA
"378","TCGA-CR-5247-01A-01R-2016-07","TCGA-CR-5247",NA
"379","TCGA-CR-6478-01A-11R-1873-07","TCGA-CR-6478",NA
"380","TCGA-CN-6017-01A-11R-1686-07","TCGA-CN-6017",NA
"381","TCGA-CQ-6224-01A-11R-1915-07","TCGA-CQ-6224",NA
"382","TCGA-QK-A6IG-01A-11R-A31N-07","TCGA-QK-A6IG",NA
"383","TCGA-D6-6824-01A-11R-1915-07","TCGA-D6-6824",NA
"384","TCGA-CV-7415-01A-11R-2081-07","TCGA-CV-7415",NA
"385","TCGA-BA-5558-01A-01R-1514-07","TCGA-BA-5558",NA
"386","TCGA-BA-7269-01A-11R-2016-07","TCGA-BA-7269",NA
"387","TCGA-CV-5430-01A-02R-1686-07","TCGA-CV-5430",NA
"388","TCGA-UF-A71A-01A-22R-A34R-07","TCGA-UF-A71A",NA
"389","TCGA-UF-A7JJ-01A-11R-A34R-07","TCGA-UF-A7JJ",NA
"390","TCGA-CQ-5333-01A-01R-2403-07","TCGA-CQ-5333",NA
"391","TCGA-CV-A461-01A-41R-A266-07","TCGA-CV-A461",NA
"392","TCGA-CV-6938-01A-11R-1915-07","TCGA-CV-6938",NA
"393","TCGA-CR-6482-01A-11R-1873-07","TCGA-CR-6482",NA
"394","TCGA-CV-7263-01A-11R-2016-07","TCGA-CV-7263",NA
"395","TCGA-CN-4731-01A-01R-1436-07","TCGA-CN-4731",NA
"396","TCGA-QK-A8Z8-01A-11R-A39I-07","TCGA-QK-A8Z8",NA
"397","TCGA-TN-A7HL-01A-11R-A34R-07","TCGA-TN-A7HL",NA
"398","TCGA-RS-A6TO-01A-32R-A34R-07","TCGA-RS-A6TO",NA
"399","TCGA-CV-A6JN-01A-11R-A31N-07","TCGA-CV-A6JN",NA
"400","TCGA-CN-4741-01A-01R-1436-07","TCGA-CN-4741",NA
"401","TCGA-CQ-5327-01A-01R-1686-07","TCGA-CQ-5327",NA
"402","TCGA-BB-A5HU-01A-11R-A28V-07","TCGA-BB-A5HU",NA
"403","TCGA-CV-A6JM-01A-11R-A31N-07","TCGA-CV-A6JM",NA
"404","TCGA-CR-7383-01A-11R-2132-07","TCGA-CR-7383",NA
"405","TCGA-CQ-6229-01A-11R-1915-07","TCGA-CQ-6229",NA
"406","TCGA-CX-7219-01A-11R-2016-07","TCGA-CX-7219",NA
"407","TCGA-CN-6010-01A-11R-1686-07","TCGA-CN-6010",NA
"408","TCGA-BB-4223-01A-01R-1436-07","TCGA-BB-4223",NA
"409","TCGA-CR-7389-01A-11R-2016-07","TCGA-CR-7389",NA
"410","TCGA-CX-7082-01A-11R-2016-07","TCGA-CX-7082",NA
"411","TCGA-IQ-A61O-01A-11R-A30B-07","TCGA-IQ-A61O",NA
"412","TCGA-BA-4075-01A-01R-1436-07","TCGA-BA-4075",NA
"413","TCGA-CQ-6222-01A-11R-1915-07","TCGA-CQ-6222",NA
"414","TCGA-BA-5556-01A-01R-1514-07","TCGA-BA-5556",NA
"415","TCGA-D6-A6EO-01A-11R-A31N-07","TCGA-D6-A6EO",NA
"416","TCGA-CV-7248-01A-11R-2016-07","TCGA-CV-7248",NA
"417","TCGA-CN-6013-01A-11R-1686-07","TCGA-CN-6013",NA
"418","TCGA-BB-A6UO-01A-12R-A34R-07","TCGA-BB-A6UO",NA
"419","TCGA-C9-A480-01A-12R-A24H-07","TCGA-C9-A480",NA
"420","TCGA-CV-5442-01A-01R-1514-07","TCGA-CV-5442",NA
"421","TCGA-CR-7382-01A-11R-2132-07","TCGA-CR-7382",NA
"422","TCGA-CQ-5324-01A-01R-1686-07","TCGA-CQ-5324",NA
"423","TCGA-CV-7427-01A-11R-2081-07","TCGA-CV-7427",NA
"424","TCGA-CQ-5323-01A-01R-1686-07","TCGA-CQ-5323",NA
"425","TCGA-D6-A4ZB-01A-11R-A24Z-07","TCGA-D6-A4ZB",NA
"426","TCGA-CV-A45P-01A-11R-A24H-07","TCGA-CV-A45P",NA
"427","TCGA-CV-5966-01A-11R-1686-07","TCGA-CV-5966",NA
"428","TCGA-CN-A641-01A-11R-A30B-07","TCGA-CN-A641",NA
"429","TCGA-CR-6484-01A-11R-1873-07","TCGA-CR-6484",NA
"430","TCGA-CR-6492-01A-12R-2081-07","TCGA-CR-6492",NA
"431","TCGA-CV-6935-01A-11R-1915-07","TCGA-CV-6935",NA
"432","TCGA-CV-6436-01A-11R-1686-07","TCGA-CV-6436",NA
"433","TCGA-P3-A6T0-01A-12R-A34R-07","TCGA-P3-A6T0",NA
"434","TCGA-BA-6871-01A-11R-1873-07","TCGA-BA-6871",NA
"435","TCGA-QK-A6VC-01A-23R-A34R-07","TCGA-QK-A6VC",NA
"436","TCGA-CN-4736-01A-01R-1436-07","TCGA-CN-4736",NA
"437","TCGA-P3-A5Q5-01A-11R-A28V-07","TCGA-P3-A5Q5",NA
"438","TCGA-CR-7377-01A-11R-2016-07","TCGA-CR-7377",NA
"439","TCGA-P3-A6T3-01A-11R-A34R-07","TCGA-P3-A6T3",NA
"440","TCGA-F7-A61V-01A-11R-A28V-07","TCGA-F7-A61V",NA
"441","TCGA-CQ-7068-01A-11R-2081-07","TCGA-CQ-7068",NA
"442","TCGA-CV-A465-01A-11R-A266-07","TCGA-CV-A465",NA
"443","TCGA-P3-A5QF-01A-11R-A28V-07","TCGA-P3-A5QF",NA
"444","TCGA-CN-A49C-01A-11R-A24H-07","TCGA-CN-A49C",NA
"445","TCGA-D6-A6EP-01A-11R-A31N-07","TCGA-D6-A6EP",NA
"446","TCGA-CV-7245-01A-11R-2016-07","TCGA-CV-7245",NA
"447","TCGA-CR-6471-01A-11R-1873-07","TCGA-CR-6471",NA
"448","TCGA-CR-6493-01A-11R-1873-07","TCGA-CR-6493",NA
"449","TCGA-CV-6956-01A-21R-2016-07","TCGA-CV-6956",NA
"450","TCGA-UF-A7JH-01A-21R-A34R-07","TCGA-UF-A7JH",NA
"451","TCGA-CR-5243-01A-01R-1514-07","TCGA-CR-5243",NA
"452","TCGA-BA-A6DJ-01A-11R-A30B-07","TCGA-BA-A6DJ",NA
"453","TCGA-CR-7398-01A-11R-2016-07","TCGA-CR-7398",NA
"454","TCGA-QK-A6IH-01A-11R-A31N-07","TCGA-QK-A6IH",NA
"455","TCGA-CV-A45R-01A-11R-A24H-07","TCGA-CV-A45R",NA
"456","TCGA-IQ-A6SH-01A-12R-A34R-07","TCGA-IQ-A6SH",NA
"457","TCGA-BB-A6UM-01A-12R-A34R-07","TCGA-BB-A6UM",NA
"458","TCGA-D6-6516-01A-11R-1873-07","TCGA-D6-6516",NA
"459","TCGA-F7-A50J-01A-21R-A28V-07","TCGA-F7-A50J",NA
"460","TCGA-QK-A8Z9-01B-11R-A39I-07","TCGA-QK-A8Z9",NA
"461","TCGA-CR-7397-01A-11R-2016-07","TCGA-CR-7397",NA
"462","TCGA-CR-7401-01A-11R-2016-07","TCGA-CR-7401",NA
"463","TCGA-CN-5364-01A-01R-1436-07","TCGA-CN-5364",NA
"464","TCGA-CV-7434-01A-11R-2132-07","TCGA-CV-7434",NA
"465","TCGA-BA-4074-01A-01R-1436-07","TCGA-BA-4074",NA
"466","TCGA-CN-6995-01A-31R-2016-07","TCGA-CN-6995",NA
"467","TCGA-MT-A67F-01A-11R-A30B-07","TCGA-MT-A67F",NA
"468","TCGA-CV-7250-01A-11R-2016-07","TCGA-CV-7250",NA
"469","TCGA-CQ-7072-01A-21R-A30B-07","TCGA-CQ-7072",NA
"470","TCGA-WA-A7H4-01A-21R-A34R-07","TCGA-WA-A7H4",NA
"471","TCGA-CV-7090-01A-11R-2016-07","TCGA-CV-7090",NA
"472","TCGA-D6-A6EK-01A-11R-A31N-07","TCGA-D6-A6EK",NA
"473","TCGA-CN-6024-01A-11R-1686-07","TCGA-CN-6024",NA
"474","TCGA-DQ-5631-01A-01R-1873-07","TCGA-DQ-5631",NA
"475","TCGA-QK-A6IF-01A-11R-A31N-07","TCGA-QK-A6IF",NA
"476","TCGA-CN-6019-01A-11R-1686-07","TCGA-CN-6019",NA
"477","TCGA-CR-7391-01A-11R-2016-07","TCGA-CR-7391",NA
"478","TCGA-CV-7254-01A-11R-2016-07","TCGA-CV-7254",NA
"479","TCGA-CV-6954-01A-11R-1915-07","TCGA-CV-6954",NA
"480","TCGA-CV-7411-01A-11R-2081-07","TCGA-CV-7411",NA
"481","TCGA-D6-A74Q-01A-11R-A34R-07","TCGA-D6-A74Q",NA
"482","TCGA-P3-A6T6-01A-11R-A34R-07","TCGA-P3-A6T6",NA
"483","TCGA-CN-4722-01A-01R-1436-07","TCGA-CN-4722",NA
"484","TCGA-CQ-6221-01A-11R-2081-07","TCGA-CQ-6221",NA
"485","TCGA-CX-A4AQ-01A-11R-A24Z-07","TCGA-CX-A4AQ",NA
"486","TCGA-BA-A6DD-01A-12R-A31N-07","TCGA-BA-A6DD",NA
"487","TCGA-MZ-A6I9-01A-11R-A31N-07","TCGA-MZ-A6I9",NA
"488","TCGA-CR-7367-01A-11R-2016-07","TCGA-CR-7367",NA
"489","TCGA-QK-A8Z7-01A-11R-A39I-07","TCGA-QK-A8Z7",NA
"490","TCGA-CN-5367-01A-01R-1436-07","TCGA-CN-5367",NA
"491","TCGA-DQ-7592-01A-11R-2081-07","TCGA-DQ-7592",NA
"492","TCGA-CN-4734-01A-01R-1436-07","TCGA-CN-4734",NA
"493","TCGA-BA-6869-01A-11R-1873-07","TCGA-BA-6869",NA
"494","TCGA-IQ-A61E-01A-22R-A30B-07","TCGA-IQ-A61E",NA
"495","TCGA-UF-A7JK-01A-11R-A34R-07","TCGA-UF-A7JK",NA
"496","TCGA-CN-6023-01A-11R-1686-07","TCGA-CN-6023",NA
"497","TCGA-CR-7369-01A-11R-2132-07","TCGA-CR-7369",NA
"498","TCGA-MT-A51X-01A-11R-A266-07","TCGA-MT-A51X",NA
"499","TCGA-QK-AA3K-01A-11R-A39I-07","TCGA-QK-AA3K",NA
"500","TCGA-CN-5366-01A-01R-1436-07","TCGA-CN-5366",NA
